wt,cp(J/gK),cp(cal)
1.47,4.1810712,0.9993
3.98,4.1982256,1.0034
8.18,4.2296056,1.0109
14.78,4.2735376,1.0214
20.97,4.2986416,1.0274
