wt,cp(J/gK),cp(TRF),dev,cp(cal)
2.87,4.2107776,,,1.0064
8.2,4.2576384,,,1.0176
12.26,4.2965496,,,1.0269
