T(K),X,m,cp(J/gK),cp_err(%),cpm(J/molK)
277.5,0.052000000000000005,3.220733995367594,4.288323535196021,0.2357287174077846,77.18839304879704
278.5,0.052000000000000005,3.220733995367594,4.285773068997263,0.174401173166927,77.14248550805492
279.5,0.052000000000000005,3.220733995367594,4.284903145284056,0.21041730111496337,77.12682717142374
280.5,0.052000000000000005,3.220733995367594,4.283994034490585,0.22270063701928736,77.11046348042063
281.5,0.052000000000000005,3.220733995367594,4.283015730743307,0.18879474745881814,77.09285433933177
282.5,0.052000000000000005,3.220733995367594,4.2830667257348365,0.1519388837007728,77.09377223216737
283.5,0.052000000000000005,3.220733995367594,4.284122658708978,0.1349097184791404,77.11277867344268
284.5,0.052000000000000005,3.220733995367594,4.286040751313079,0.12104739924443733,77.1473037004408
285.5,0.052000000000000005,3.220733995367594,4.287995782789306,0.11236323009268477,77.18249361481438
286.5,0.052000000000000005,3.220733995367594,4.2898176263461005,0.11409069198817762,77.21528619106967
287.5,0.052000000000000005,3.220733995367594,4.291841845408878,0.11642262599445448,77.25172145892019
288.5,0.052000000000000005,3.220733995367594,4.293895943526322,0.13807765803604424,77.28869453978704
302.5,0.052000000000000005,3.220733995367594,4.3240088673887165,0.1039727318228855,77.83071712363875
303.5,0.052000000000000005,3.220733995367594,4.325411307015952,0.11686184282537365,77.85596056907512
304.5,0.052000000000000005,3.220733995367594,4.3270807083437575,0.11750225798088218,77.88600923606334
305.5,0.052000000000000005,3.220733995367594,4.328495093907774,0.1228085830187128,77.91146770437662
306.5,0.052000000000000005,3.220733995367594,4.329812789952045,0.1388872857289319,77.93518579359008
307.5,0.052000000000000005,3.220733995367594,4.331295714907228,0.16705869306971605,77.96187794807963
308.5,0.052000000000000005,3.220733995367594,4.332611718495159,0.1980831919571597,77.98556557364358
309.5,0.052000000000000005,3.220733995367594,4.332762486211076,0.20989816538008876,77.98827934223397
310.5,0.052000000000000005,3.220733995367594,4.3319261089897285,0.22641051111868782,77.97322483126517
