P(MPa),T(K),massfrac,molefrac,cp(J/kgK)
0.1,280,0.282376784,0.2939,3890.039806
0.1,280,0.282376784,0.2939,3919.996171
0.1,300,0.14403359,0.1511,4100.03256
